USE [bzp_ivy_data]
GO
/****** Object:  Table [dbo].[btbl_ScanShares]    Script Date: 10/22/2014 17:58:28 ******/
SET IDENTITY_INSERT [dbo].[btbl_ScanShares] ON
INSERT [dbo].[btbl_ScanShares] ([id], [ArchiveDeadlineDays], [ArchiveFolder], [ConfigName], [LastArchiveScan], [NetPath], [NetPathPWD], [NetPathUID], [NextScan], [ScanInterval], [ScanNo]) VALUES (1, 30, N'Archiv', N'bzp.soreco.ch', CAST(0x0700BBAF077927390B AS DateTime2), N'smb://194.209.171.231/bzp-ivyPRE/', N'Soreco$08', N'b2puser', CAST(0x07007E85749627390B AS DateTime2), 60, N'111')
INSERT [dbo].[btbl_ScanShares] ([id], [ArchiveDeadlineDays], [ArchiveFolder], [ConfigName], [LastArchiveScan], [NetPath], [NetPathPWD], [NetPathUID], [NextScan], [ScanInterval], [ScanNo]) VALUES (2, 30, N'Archiv', N'bzp.soreco.ch', CAST(0x0700BBAF077927390B AS DateTime2), N'smb://194.209.171.231/bzp-ivyPRE2/', N'Soreco$08', N'b2puser', CAST(0x07007E85749627390B AS DateTime2), 60, N'222')
SET IDENTITY_INSERT [dbo].[btbl_ScanShares] OFF
/****** Object:  Table [dbo].[btbl_OrderMachings]    Script Date: 10/22/2014 17:58:28 ******/
SET IDENTITY_INSERT [dbo].[btbl_OrderMachings] ON
INSERT [dbo].[btbl_OrderMachings] ([orderMatchId], [archiveDuration], [docType], [mapToDocType], [orderPriority], [orderType], [priority], [stateAfterCreate]) VALUES (1, 3, N'FX', N'', NULL, N'Addressmutation', 5, N'Dispatched')
INSERT [dbo].[btbl_OrderMachings] ([orderMatchId], [archiveDuration], [docType], [mapToDocType], [orderPriority], [orderType], [priority], [stateAfterCreate]) VALUES (2, 300, N'IL', N'FE', NULL, N'Default', 35, N'Default')
INSERT [dbo].[btbl_OrderMachings] ([orderMatchId], [archiveDuration], [docType], [mapToDocType], [orderPriority], [orderType], [priority], [stateAfterCreate]) VALUES (3, 300, N'D0', N'', NULL, N'Disinvestment', 666, N'Dispatched')
INSERT [dbo].[btbl_OrderMachings] ([orderMatchId], [archiveDuration], [docType], [mapToDocType], [orderPriority], [orderType], [priority], [stateAfterCreate]) VALUES (4, 300, N'D1', N'DI', 1, N'Disinvestment', 11, N'InDispatchingOpen')
INSERT [dbo].[btbl_OrderMachings] ([orderMatchId], [archiveDuration], [docType], [mapToDocType], [orderPriority], [orderType], [priority], [stateAfterCreate]) VALUES (5, 300, N'D2', N'DI', 2, N'Disinvestment', 12, N'Dispatched')
INSERT [dbo].[btbl_OrderMachings] ([orderMatchId], [archiveDuration], [docType], [mapToDocType], [orderPriority], [orderType], [priority], [stateAfterCreate]) VALUES (6, 300, N'D3', N'DI', 3, N'Disinvestment', 13, NULL)
INSERT [dbo].[btbl_OrderMachings] ([orderMatchId], [archiveDuration], [docType], [mapToDocType], [orderPriority], [orderType], [priority], [stateAfterCreate]) VALUES (7, 300, N'D4', N'DI', 4, N'Disinvestment', 14, NULL)
INSERT [dbo].[btbl_OrderMachings] ([orderMatchId], [archiveDuration], [docType], [mapToDocType], [orderPriority], [orderType], [priority], [stateAfterCreate]) VALUES (8, NULL, N'BS', N'FF', NULL, N'Ordering', NULL, NULL)
INSERT [dbo].[btbl_OrderMachings] ([orderMatchId], [archiveDuration], [docType], [mapToDocType], [orderPriority], [orderType], [priority], [stateAfterCreate]) VALUES (9, 300, N'CL-K-KOR-03', N'', NULL, N'Investment', 100, N'Dispatched')
INSERT [dbo].[btbl_OrderMachings] ([orderMatchId], [archiveDuration], [docType], [mapToDocType], [orderPriority], [orderType], [priority], [stateAfterCreate]) VALUES (10, 300, N'PC', N'', NULL, N'PensionClientOrder', 33, N'')
INSERT [dbo].[btbl_OrderMachings] ([orderMatchId], [archiveDuration], [docType], [mapToDocType], [orderPriority], [orderType], [priority], [stateAfterCreate]) VALUES (12, 300, N'012', N'IL', 1, N'LeCo', 1, NULL)
INSERT [dbo].[btbl_OrderMachings] ([orderMatchId], [archiveDuration], [docType], [mapToDocType], [orderPriority], [orderType], [priority], [stateAfterCreate]) VALUES (13, 300, N'013', N'IL', NULL, N'OthersMT', 300, N'Dispatched')
INSERT [dbo].[btbl_OrderMachings] ([orderMatchId], [archiveDuration], [docType], [mapToDocType], [orderPriority], [orderType], [priority], [stateAfterCreate]) VALUES (14, 1, N'TS', N'', 1, N'Accountopening', 1, N'InDispatchingNew')
INSERT [dbo].[btbl_OrderMachings] ([orderMatchId], [archiveDuration], [docType], [mapToDocType], [orderPriority], [orderType], [priority], [stateAfterCreate]) VALUES (15, 200, N'NC', N'NC', 5, N'NameChanges', NULL, N'Default')
INSERT [dbo].[btbl_OrderMachings] ([orderMatchId], [archiveDuration], [docType], [mapToDocType], [orderPriority], [orderType], [priority], [stateAfterCreate]) VALUES (16, 300, N'FO', N'', NULL, N'Default', 666, N'Default')
INSERT [dbo].[btbl_OrderMachings] ([orderMatchId], [archiveDuration], [docType], [mapToDocType], [orderPriority], [orderType], [priority], [stateAfterCreate]) VALUES (17, 300, N'FE', N'', NULL, N'Accountopening', 300, N'Default')
INSERT [dbo].[btbl_OrderMachings] ([orderMatchId], [archiveDuration], [docType], [mapToDocType], [orderPriority], [orderType], [priority], [stateAfterCreate]) VALUES (18, NULL, N'IL1', N'IL', NULL, N'NoOrder', NULL, N'Default')
SET IDENTITY_INSERT [dbo].[btbl_OrderMachings] OFF
/****** Object:  Table [dbo].[btbl_AuthorityGroupUsers]    Script Date: 10/22/2014 17:58:28 ******/
SET IDENTITY_INSERT [dbo].[btbl_AuthorityGroupUsers] ON
INSERT [dbo].[btbl_AuthorityGroupUsers] ([Id], [authorityGroupId], [orderBookId], [userSign], [canRead], [canWrite], [canDispatch], [canTeamDisp]) VALUES (823, 1, 2, N'ZBAUR', 1, 0, 0, 0)
INSERT [dbo].[btbl_AuthorityGroupUsers] ([Id], [authorityGroupId], [orderBookId], [userSign], [canRead], [canWrite], [canDispatch], [canTeamDisp]) VALUES (824, 1, 2, N'ZDAMU', 1, 0, 0, 0)
INSERT [dbo].[btbl_AuthorityGroupUsers] ([Id], [authorityGroupId], [orderBookId], [userSign], [canRead], [canWrite], [canDispatch], [canTeamDisp]) VALUES (825, 1, 2, N'ZDANI', 1, 0, 0, 0)
INSERT [dbo].[btbl_AuthorityGroupUsers] ([Id], [authorityGroupId], [orderBookId], [userSign], [canRead], [canWrite], [canDispatch], [canTeamDisp]) VALUES (826, 1, 2, N'ZDEHO', 1, 0, 0, 0)
INSERT [dbo].[btbl_AuthorityGroupUsers] ([Id], [authorityGroupId], [orderBookId], [userSign], [canRead], [canWrite], [canDispatch], [canTeamDisp]) VALUES (827, 1, 2, N'ZDIAP', 1, 0, 0, 0)
INSERT [dbo].[btbl_AuthorityGroupUsers] ([Id], [authorityGroupId], [orderBookId], [userSign], [canRead], [canWrite], [canDispatch], [canTeamDisp]) VALUES (828, 1, 2, N'ZFEMA', 1, 0, 0, 0)
INSERT [dbo].[btbl_AuthorityGroupUsers] ([Id], [authorityGroupId], [orderBookId], [userSign], [canRead], [canWrite], [canDispatch], [canTeamDisp]) VALUES (829, 1, 2, N'ZGRDA', 1, 0, 0, 0)
INSERT [dbo].[btbl_AuthorityGroupUsers] ([Id], [authorityGroupId], [orderBookId], [userSign], [canRead], [canWrite], [canDispatch], [canTeamDisp]) VALUES (830, 1, 2, N'ZHARE', 1, 0, 0, 0)
INSERT [dbo].[btbl_AuthorityGroupUsers] ([Id], [authorityGroupId], [orderBookId], [userSign], [canRead], [canWrite], [canDispatch], [canTeamDisp]) VALUES (831, 1, 2, N'ZHUCE', 1, 0, 0, 0)
INSERT [dbo].[btbl_AuthorityGroupUsers] ([Id], [authorityGroupId], [orderBookId], [userSign], [canRead], [canWrite], [canDispatch], [canTeamDisp]) VALUES (832, 1, 2, N'ZJAGI', 1, 0, 0, 0)
INSERT [dbo].[btbl_AuthorityGroupUsers] ([Id], [authorityGroupId], [orderBookId], [userSign], [canRead], [canWrite], [canDispatch], [canTeamDisp]) VALUES (833, 1, 2, N'ZNADE', 1, 0, 0, 0)
INSERT [dbo].[btbl_AuthorityGroupUsers] ([Id], [authorityGroupId], [orderBookId], [userSign], [canRead], [canWrite], [canDispatch], [canTeamDisp]) VALUES (834, 1, 2, N'ZROAM', 1, 0, 0, 0)
INSERT [dbo].[btbl_AuthorityGroupUsers] ([Id], [authorityGroupId], [orderBookId], [userSign], [canRead], [canWrite], [canDispatch], [canTeamDisp]) VALUES (835, 1, 2, N'ZVIJE', 1, 0, 0, 0)
INSERT [dbo].[btbl_AuthorityGroupUsers] ([Id], [authorityGroupId], [orderBookId], [userSign], [canRead], [canWrite], [canDispatch], [canTeamDisp]) VALUES (836, 1, 2, N'ZWIKA', 1, 0, 0, 0)
INSERT [dbo].[btbl_AuthorityGroupUsers] ([Id], [authorityGroupId], [orderBookId], [userSign], [canRead], [canWrite], [canDispatch], [canTeamDisp]) VALUES (837, 2, 2, N'ZBAUR', 1, 1, 0, 0)
INSERT [dbo].[btbl_AuthorityGroupUsers] ([Id], [authorityGroupId], [orderBookId], [userSign], [canRead], [canWrite], [canDispatch], [canTeamDisp]) VALUES (838, 2, 2, N'ZFEMA', 1, 1, 0, 0)
INSERT [dbo].[btbl_AuthorityGroupUsers] ([Id], [authorityGroupId], [orderBookId], [userSign], [canRead], [canWrite], [canDispatch], [canTeamDisp]) VALUES (839, 3, 2, N'ZDAMU', 1, 0, 1, 0)
INSERT [dbo].[btbl_AuthorityGroupUsers] ([Id], [authorityGroupId], [orderBookId], [userSign], [canRead], [canWrite], [canDispatch], [canTeamDisp]) VALUES (840, 3, 2, N'ZFEMA', 1, 0, 1, 0)
INSERT [dbo].[btbl_AuthorityGroupUsers] ([Id], [authorityGroupId], [orderBookId], [userSign], [canRead], [canWrite], [canDispatch], [canTeamDisp]) VALUES (841, 3, 2, N'ZGRDA', 1, 0, 1, 0)
INSERT [dbo].[btbl_AuthorityGroupUsers] ([Id], [authorityGroupId], [orderBookId], [userSign], [canRead], [canWrite], [canDispatch], [canTeamDisp]) VALUES (842, 3, 2, N'ZHARE', 1, 0, 1, 0)
INSERT [dbo].[btbl_AuthorityGroupUsers] ([Id], [authorityGroupId], [orderBookId], [userSign], [canRead], [canWrite], [canDispatch], [canTeamDisp]) VALUES (843, 3, 2, N'ZJAGI', 1, 0, 1, 0)
INSERT [dbo].[btbl_AuthorityGroupUsers] ([Id], [authorityGroupId], [orderBookId], [userSign], [canRead], [canWrite], [canDispatch], [canTeamDisp]) VALUES (844, 3, 2, N'ZWIKA', 1, 0, 1, 0)
INSERT [dbo].[btbl_AuthorityGroupUsers] ([Id], [authorityGroupId], [orderBookId], [userSign], [canRead], [canWrite], [canDispatch], [canTeamDisp]) VALUES (845, 4, 8, N'ZDEHO', 1, 1, 0, 0)
INSERT [dbo].[btbl_AuthorityGroupUsers] ([Id], [authorityGroupId], [orderBookId], [userSign], [canRead], [canWrite], [canDispatch], [canTeamDisp]) VALUES (846, 4, 8, N'ZDIAP', 1, 1, 0, 0)
INSERT [dbo].[btbl_AuthorityGroupUsers] ([Id], [authorityGroupId], [orderBookId], [userSign], [canRead], [canWrite], [canDispatch], [canTeamDisp]) VALUES (847, 4, 8, N'ZFEMA', 1, 1, 0, 0)
INSERT [dbo].[btbl_AuthorityGroupUsers] ([Id], [authorityGroupId], [orderBookId], [userSign], [canRead], [canWrite], [canDispatch], [canTeamDisp]) VALUES (848, 4, 8, N'ZHARE', 1, 1, 0, 0)
INSERT [dbo].[btbl_AuthorityGroupUsers] ([Id], [authorityGroupId], [orderBookId], [userSign], [canRead], [canWrite], [canDispatch], [canTeamDisp]) VALUES (849, 4, 8, N'ZJAGI', 1, 1, 0, 0)
INSERT [dbo].[btbl_AuthorityGroupUsers] ([Id], [authorityGroupId], [orderBookId], [userSign], [canRead], [canWrite], [canDispatch], [canTeamDisp]) VALUES (850, 4, 8, N'ZROAM', 1, 1, 0, 0)
INSERT [dbo].[btbl_AuthorityGroupUsers] ([Id], [authorityGroupId], [orderBookId], [userSign], [canRead], [canWrite], [canDispatch], [canTeamDisp]) VALUES (851, 5, 8, N'ZDAMU', 1, 0, 0, 1)
INSERT [dbo].[btbl_AuthorityGroupUsers] ([Id], [authorityGroupId], [orderBookId], [userSign], [canRead], [canWrite], [canDispatch], [canTeamDisp]) VALUES (852, 5, 8, N'ZDIAP', 1, 0, 0, 1)
INSERT [dbo].[btbl_AuthorityGroupUsers] ([Id], [authorityGroupId], [orderBookId], [userSign], [canRead], [canWrite], [canDispatch], [canTeamDisp]) VALUES (853, 5, 8, N'ZFEMA', 1, 0, 0, 1)
INSERT [dbo].[btbl_AuthorityGroupUsers] ([Id], [authorityGroupId], [orderBookId], [userSign], [canRead], [canWrite], [canDispatch], [canTeamDisp]) VALUES (854, 5, 8, N'ZGRDA', 1, 0, 0, 1)
INSERT [dbo].[btbl_AuthorityGroupUsers] ([Id], [authorityGroupId], [orderBookId], [userSign], [canRead], [canWrite], [canDispatch], [canTeamDisp]) VALUES (855, 5, 8, N'ZHARE', 1, 0, 0, 1)
INSERT [dbo].[btbl_AuthorityGroupUsers] ([Id], [authorityGroupId], [orderBookId], [userSign], [canRead], [canWrite], [canDispatch], [canTeamDisp]) VALUES (856, 5, 8, N'ZJAGI', 1, 0, 0, 1)
INSERT [dbo].[btbl_AuthorityGroupUsers] ([Id], [authorityGroupId], [orderBookId], [userSign], [canRead], [canWrite], [canDispatch], [canTeamDisp]) VALUES (857, 5, 8, N'ZROAM', 1, 0, 0, 1)
INSERT [dbo].[btbl_AuthorityGroupUsers] ([Id], [authorityGroupId], [orderBookId], [userSign], [canRead], [canWrite], [canDispatch], [canTeamDisp]) VALUES (858, 6, 3, N'ZDAMU', 1, 1, 0, 0)
INSERT [dbo].[btbl_AuthorityGroupUsers] ([Id], [authorityGroupId], [orderBookId], [userSign], [canRead], [canWrite], [canDispatch], [canTeamDisp]) VALUES (859, 6, 3, N'ZDEHO', 1, 1, 0, 0)
INSERT [dbo].[btbl_AuthorityGroupUsers] ([Id], [authorityGroupId], [orderBookId], [userSign], [canRead], [canWrite], [canDispatch], [canTeamDisp]) VALUES (860, 6, 3, N'ZDIAP', 1, 1, 0, 0)
INSERT [dbo].[btbl_AuthorityGroupUsers] ([Id], [authorityGroupId], [orderBookId], [userSign], [canRead], [canWrite], [canDispatch], [canTeamDisp]) VALUES (861, 6, 3, N'ZFEMA', 1, 1, 0, 0)
INSERT [dbo].[btbl_AuthorityGroupUsers] ([Id], [authorityGroupId], [orderBookId], [userSign], [canRead], [canWrite], [canDispatch], [canTeamDisp]) VALUES (862, 6, 3, N'ZGRDA', 1, 1, 0, 0)
INSERT [dbo].[btbl_AuthorityGroupUsers] ([Id], [authorityGroupId], [orderBookId], [userSign], [canRead], [canWrite], [canDispatch], [canTeamDisp]) VALUES (863, 6, 3, N'ZHARE', 1, 1, 0, 0)
INSERT [dbo].[btbl_AuthorityGroupUsers] ([Id], [authorityGroupId], [orderBookId], [userSign], [canRead], [canWrite], [canDispatch], [canTeamDisp]) VALUES (864, 6, 3, N'ZHUCE', 1, 1, 0, 0)
INSERT [dbo].[btbl_AuthorityGroupUsers] ([Id], [authorityGroupId], [orderBookId], [userSign], [canRead], [canWrite], [canDispatch], [canTeamDisp]) VALUES (865, 6, 3, N'ZROAM', 1, 1, 0, 0)
INSERT [dbo].[btbl_AuthorityGroupUsers] ([Id], [authorityGroupId], [orderBookId], [userSign], [canRead], [canWrite], [canDispatch], [canTeamDisp]) VALUES (866, 7, 3, N'ZDAMU', 1, 0, 0, 1)
INSERT [dbo].[btbl_AuthorityGroupUsers] ([Id], [authorityGroupId], [orderBookId], [userSign], [canRead], [canWrite], [canDispatch], [canTeamDisp]) VALUES (867, 7, 3, N'ZDIAP', 1, 0, 0, 1)
INSERT [dbo].[btbl_AuthorityGroupUsers] ([Id], [authorityGroupId], [orderBookId], [userSign], [canRead], [canWrite], [canDispatch], [canTeamDisp]) VALUES (868, 7, 3, N'ZFEMA', 1, 0, 0, 1)
INSERT [dbo].[btbl_AuthorityGroupUsers] ([Id], [authorityGroupId], [orderBookId], [userSign], [canRead], [canWrite], [canDispatch], [canTeamDisp]) VALUES (869, 7, 3, N'ZGRDA', 1, 0, 0, 1)
INSERT [dbo].[btbl_AuthorityGroupUsers] ([Id], [authorityGroupId], [orderBookId], [userSign], [canRead], [canWrite], [canDispatch], [canTeamDisp]) VALUES (870, 7, 3, N'ZHARE', 1, 0, 0, 1)
INSERT [dbo].[btbl_AuthorityGroupUsers] ([Id], [authorityGroupId], [orderBookId], [userSign], [canRead], [canWrite], [canDispatch], [canTeamDisp]) VALUES (871, 7, 3, N'ZHUCE', 1, 0, 0, 1)
INSERT [dbo].[btbl_AuthorityGroupUsers] ([Id], [authorityGroupId], [orderBookId], [userSign], [canRead], [canWrite], [canDispatch], [canTeamDisp]) VALUES (872, 7, 3, N'ZROAM', 1, 0, 0, 1)
INSERT [dbo].[btbl_AuthorityGroupUsers] ([Id], [authorityGroupId], [orderBookId], [userSign], [canRead], [canWrite], [canDispatch], [canTeamDisp]) VALUES (873, 8, 9, N'ZDIAP', 1, 1, 0, 0)
INSERT [dbo].[btbl_AuthorityGroupUsers] ([Id], [authorityGroupId], [orderBookId], [userSign], [canRead], [canWrite], [canDispatch], [canTeamDisp]) VALUES (874, 8, 9, N'ZFEMA', 1, 1, 0, 0)
INSERT [dbo].[btbl_AuthorityGroupUsers] ([Id], [authorityGroupId], [orderBookId], [userSign], [canRead], [canWrite], [canDispatch], [canTeamDisp]) VALUES (875, 8, 9, N'ZHARE', 1, 1, 0, 0)
INSERT [dbo].[btbl_AuthorityGroupUsers] ([Id], [authorityGroupId], [orderBookId], [userSign], [canRead], [canWrite], [canDispatch], [canTeamDisp]) VALUES (876, 8, 9, N'ZROAM', 1, 1, 0, 0)
INSERT [dbo].[btbl_AuthorityGroupUsers] ([Id], [authorityGroupId], [orderBookId], [userSign], [canRead], [canWrite], [canDispatch], [canTeamDisp]) VALUES (877, 8, 9, N'ZWIKA', 1, 1, 0, 0)
INSERT [dbo].[btbl_AuthorityGroupUsers] ([Id], [authorityGroupId], [orderBookId], [userSign], [canRead], [canWrite], [canDispatch], [canTeamDisp]) VALUES (878, 9, 9, N'ZDIAP', 1, 0, 0, 1)
INSERT [dbo].[btbl_AuthorityGroupUsers] ([Id], [authorityGroupId], [orderBookId], [userSign], [canRead], [canWrite], [canDispatch], [canTeamDisp]) VALUES (879, 9, 9, N'ZFEMA', 1, 0, 0, 1)
INSERT [dbo].[btbl_AuthorityGroupUsers] ([Id], [authorityGroupId], [orderBookId], [userSign], [canRead], [canWrite], [canDispatch], [canTeamDisp]) VALUES (880, 9, 9, N'ZGRDA', 1, 0, 0, 1)
INSERT [dbo].[btbl_AuthorityGroupUsers] ([Id], [authorityGroupId], [orderBookId], [userSign], [canRead], [canWrite], [canDispatch], [canTeamDisp]) VALUES (881, 9, 9, N'ZHARE', 1, 0, 0, 1)
INSERT [dbo].[btbl_AuthorityGroupUsers] ([Id], [authorityGroupId], [orderBookId], [userSign], [canRead], [canWrite], [canDispatch], [canTeamDisp]) VALUES (882, 9, 9, N'ZROAM', 1, 0, 0, 1)
INSERT [dbo].[btbl_AuthorityGroupUsers] ([Id], [authorityGroupId], [orderBookId], [userSign], [canRead], [canWrite], [canDispatch], [canTeamDisp]) VALUES (883, 9, 9, N'ZWIKA', 1, 0, 0, 1)
INSERT [dbo].[btbl_AuthorityGroupUsers] ([Id], [authorityGroupId], [orderBookId], [userSign], [canRead], [canWrite], [canDispatch], [canTeamDisp]) VALUES (884, 10, 10, N'ZDANI', 1, 1, 0, 0)
INSERT [dbo].[btbl_AuthorityGroupUsers] ([Id], [authorityGroupId], [orderBookId], [userSign], [canRead], [canWrite], [canDispatch], [canTeamDisp]) VALUES (885, 10, 10, N'ZDEHO', 1, 1, 0, 0)
INSERT [dbo].[btbl_AuthorityGroupUsers] ([Id], [authorityGroupId], [orderBookId], [userSign], [canRead], [canWrite], [canDispatch], [canTeamDisp]) VALUES (886, 10, 10, N'ZDIAP', 1, 1, 0, 0)
INSERT [dbo].[btbl_AuthorityGroupUsers] ([Id], [authorityGroupId], [orderBookId], [userSign], [canRead], [canWrite], [canDispatch], [canTeamDisp]) VALUES (887, 10, 10, N'ZFEMA', 1, 1, 0, 0)
INSERT [dbo].[btbl_AuthorityGroupUsers] ([Id], [authorityGroupId], [orderBookId], [userSign], [canRead], [canWrite], [canDispatch], [canTeamDisp]) VALUES (888, 10, 10, N'ZHARE', 1, 1, 0, 0)
INSERT [dbo].[btbl_AuthorityGroupUsers] ([Id], [authorityGroupId], [orderBookId], [userSign], [canRead], [canWrite], [canDispatch], [canTeamDisp]) VALUES (889, 10, 10, N'ZJAGI', 1, 1, 0, 0)
INSERT [dbo].[btbl_AuthorityGroupUsers] ([Id], [authorityGroupId], [orderBookId], [userSign], [canRead], [canWrite], [canDispatch], [canTeamDisp]) VALUES (890, 10, 10, N'ZNADE', 1, 1, 0, 0)
INSERT [dbo].[btbl_AuthorityGroupUsers] ([Id], [authorityGroupId], [orderBookId], [userSign], [canRead], [canWrite], [canDispatch], [canTeamDisp]) VALUES (891, 10, 10, N'ZROAM', 1, 1, 0, 0)
INSERT [dbo].[btbl_AuthorityGroupUsers] ([Id], [authorityGroupId], [orderBookId], [userSign], [canRead], [canWrite], [canDispatch], [canTeamDisp]) VALUES (892, 10, 10, N'ZVIJE', 1, 1, 0, 0)
INSERT [dbo].[btbl_AuthorityGroupUsers] ([Id], [authorityGroupId], [orderBookId], [userSign], [canRead], [canWrite], [canDispatch], [canTeamDisp]) VALUES (893, 11, 10, N'ZDANI', 1, 0, 0, 1)
INSERT [dbo].[btbl_AuthorityGroupUsers] ([Id], [authorityGroupId], [orderBookId], [userSign], [canRead], [canWrite], [canDispatch], [canTeamDisp]) VALUES (894, 11, 10, N'ZDIAP', 1, 0, 0, 1)
INSERT [dbo].[btbl_AuthorityGroupUsers] ([Id], [authorityGroupId], [orderBookId], [userSign], [canRead], [canWrite], [canDispatch], [canTeamDisp]) VALUES (895, 11, 10, N'ZFEMA', 1, 0, 0, 1)
INSERT [dbo].[btbl_AuthorityGroupUsers] ([Id], [authorityGroupId], [orderBookId], [userSign], [canRead], [canWrite], [canDispatch], [canTeamDisp]) VALUES (896, 11, 10, N'ZHARE', 1, 0, 0, 1)
INSERT [dbo].[btbl_AuthorityGroupUsers] ([Id], [authorityGroupId], [orderBookId], [userSign], [canRead], [canWrite], [canDispatch], [canTeamDisp]) VALUES (897, 11, 10, N'ZJAGI', 1, 0, 0, 1)
INSERT [dbo].[btbl_AuthorityGroupUsers] ([Id], [authorityGroupId], [orderBookId], [userSign], [canRead], [canWrite], [canDispatch], [canTeamDisp]) VALUES (898, 11, 10, N'ZNADE', 1, 0, 0, 1)
INSERT [dbo].[btbl_AuthorityGroupUsers] ([Id], [authorityGroupId], [orderBookId], [userSign], [canRead], [canWrite], [canDispatch], [canTeamDisp]) VALUES (899, 11, 10, N'ZROAM', 1, 0, 0, 1)
INSERT [dbo].[btbl_AuthorityGroupUsers] ([Id], [authorityGroupId], [orderBookId], [userSign], [canRead], [canWrite], [canDispatch], [canTeamDisp]) VALUES (900, 11, 10, N'ZVIJE', 1, 0, 0, 1)
INSERT [dbo].[btbl_AuthorityGroupUsers] ([Id], [authorityGroupId], [orderBookId], [userSign], [canRead], [canWrite], [canDispatch], [canTeamDisp]) VALUES (901, 13, 11, N'ZFEMA', 1, 1, 0, 0)
INSERT [dbo].[btbl_AuthorityGroupUsers] ([Id], [authorityGroupId], [orderBookId], [userSign], [canRead], [canWrite], [canDispatch], [canTeamDisp]) VALUES (902, 13, 11, N'ZHARE', 1, 1, 0, 0)
INSERT [dbo].[btbl_AuthorityGroupUsers] ([Id], [authorityGroupId], [orderBookId], [userSign], [canRead], [canWrite], [canDispatch], [canTeamDisp]) VALUES (903, 14, 11, N'ZHARE', 1, 0, 0, 0)
INSERT [dbo].[btbl_AuthorityGroupUsers] ([Id], [authorityGroupId], [orderBookId], [userSign], [canRead], [canWrite], [canDispatch], [canTeamDisp]) VALUES (904, 15, 13, N'ZDANI', 1, 1, 0, 0)
INSERT [dbo].[btbl_AuthorityGroupUsers] ([Id], [authorityGroupId], [orderBookId], [userSign], [canRead], [canWrite], [canDispatch], [canTeamDisp]) VALUES (905, 15, 13, N'ZFEMA', 1, 1, 0, 0)
INSERT [dbo].[btbl_AuthorityGroupUsers] ([Id], [authorityGroupId], [orderBookId], [userSign], [canRead], [canWrite], [canDispatch], [canTeamDisp]) VALUES (906, 15, 13, N'ZNADE', 1, 1, 0, 0)
INSERT [dbo].[btbl_AuthorityGroupUsers] ([Id], [authorityGroupId], [orderBookId], [userSign], [canRead], [canWrite], [canDispatch], [canTeamDisp]) VALUES (907, 15, 13, N'ZVIJE', 1, 1, 0, 0)
INSERT [dbo].[btbl_AuthorityGroupUsers] ([Id], [authorityGroupId], [orderBookId], [userSign], [canRead], [canWrite], [canDispatch], [canTeamDisp]) VALUES (908, 16, 13, N'ZDANI', 1, 0, 1, 0)
INSERT [dbo].[btbl_AuthorityGroupUsers] ([Id], [authorityGroupId], [orderBookId], [userSign], [canRead], [canWrite], [canDispatch], [canTeamDisp]) VALUES (909, 16, 13, N'ZFEMA', 1, 0, 1, 0)
INSERT [dbo].[btbl_AuthorityGroupUsers] ([Id], [authorityGroupId], [orderBookId], [userSign], [canRead], [canWrite], [canDispatch], [canTeamDisp]) VALUES (910, 16, 13, N'ZNADE', 1, 0, 1, 0)
INSERT [dbo].[btbl_AuthorityGroupUsers] ([Id], [authorityGroupId], [orderBookId], [userSign], [canRead], [canWrite], [canDispatch], [canTeamDisp]) VALUES (911, 16, 13, N'ZVIJE', 1, 0, 1, 0)
SET IDENTITY_INSERT [dbo].[btbl_AuthorityGroupUsers] OFF
/****** Object:  Table [dbo].[tbl_OrderBookTypes]    Script Date: 10/22/2014 17:58:28 ******/
SET IDENTITY_INSERT [dbo].[tbl_OrderBookTypes] ON
INSERT [dbo].[tbl_OrderBookTypes] ([Id], [orderBookId], [orderType]) VALUES (81, 2, N'Default')
INSERT [dbo].[tbl_OrderBookTypes] ([Id], [orderBookId], [orderType]) VALUES (82, 3, N'SaleTRX')
INSERT [dbo].[tbl_OrderBookTypes] ([Id], [orderBookId], [orderType]) VALUES (83, 3, N'InvestTRX')
INSERT [dbo].[tbl_OrderBookTypes] ([Id], [orderBookId], [orderType]) VALUES (84, 3, N'RemainingTRX')
INSERT [dbo].[tbl_OrderBookTypes] ([Id], [orderBookId], [orderType]) VALUES (85, 3, N'CorrespondenceTRX')
INSERT [dbo].[tbl_OrderBookTypes] ([Id], [orderBookId], [orderType]) VALUES (86, 4, N'Default')
INSERT [dbo].[tbl_OrderBookTypes] ([Id], [orderBookId], [orderType]) VALUES (87, 4, N'Order')
INSERT [dbo].[tbl_OrderBookTypes] ([Id], [orderBookId], [orderType]) VALUES (88, 4, N'Selloff')
INSERT [dbo].[tbl_OrderBookTypes] ([Id], [orderBookId], [orderType]) VALUES (89, 4, N'Disinvestment')
INSERT [dbo].[tbl_OrderBookTypes] ([Id], [orderBookId], [orderType]) VALUES (90, 5, N'Default')
INSERT [dbo].[tbl_OrderBookTypes] ([Id], [orderBookId], [orderType]) VALUES (91, 5, N'Order')
INSERT [dbo].[tbl_OrderBookTypes] ([Id], [orderBookId], [orderType]) VALUES (92, 5, N'Investment')
INSERT [dbo].[tbl_OrderBookTypes] ([Id], [orderBookId], [orderType]) VALUES (93, 5, N'Transfer')
INSERT [dbo].[tbl_OrderBookTypes] ([Id], [orderBookId], [orderType]) VALUES (94, 5, N'Switch')
INSERT [dbo].[tbl_OrderBookTypes] ([Id], [orderBookId], [orderType]) VALUES (95, 5, N'Strategychanges')
INSERT [dbo].[tbl_OrderBookTypes] ([Id], [orderBookId], [orderType]) VALUES (96, 6, N'Default')
INSERT [dbo].[tbl_OrderBookTypes] ([Id], [orderBookId], [orderType]) VALUES (97, 6, N'Order')
INSERT [dbo].[tbl_OrderBookTypes] ([Id], [orderBookId], [orderType]) VALUES (98, 6, N'IndivREBA')
INSERT [dbo].[tbl_OrderBookTypes] ([Id], [orderBookId], [orderType]) VALUES (99, 6, N'SumReduction')
INSERT [dbo].[tbl_OrderBookTypes] ([Id], [orderBookId], [orderType]) VALUES (100, 6, N'CircumlocutionTRX')
INSERT [dbo].[tbl_OrderBookTypes] ([Id], [orderBookId], [orderType]) VALUES (101, 6, N'Reversal')
INSERT [dbo].[tbl_OrderBookTypes] ([Id], [orderBookId], [orderType]) VALUES (102, 6, N'Planadministration')
INSERT [dbo].[tbl_OrderBookTypes] ([Id], [orderBookId], [orderType]) VALUES (103, 6, N'REBA')
INSERT [dbo].[tbl_OrderBookTypes] ([Id], [orderBookId], [orderType]) VALUES (104, 6, N'Unwind')
INSERT [dbo].[tbl_OrderBookTypes] ([Id], [orderBookId], [orderType]) VALUES (105, 6, N'OthersTRX')
INSERT [dbo].[tbl_OrderBookTypes] ([Id], [orderBookId], [orderType]) VALUES (106, 8, N'Default')
INSERT [dbo].[tbl_OrderBookTypes] ([Id], [orderBookId], [orderType]) VALUES (107, 8, N'Order')
INSERT [dbo].[tbl_OrderBookTypes] ([Id], [orderBookId], [orderType]) VALUES (108, 8, N'Accreditation')
INSERT [dbo].[tbl_OrderBookTypes] ([Id], [orderBookId], [orderType]) VALUES (109, 8, N'Acknowledgment')
INSERT [dbo].[tbl_OrderBookTypes] ([Id], [orderBookId], [orderType]) VALUES (110, 8, N'Addressmutation')
INSERT [dbo].[tbl_OrderBookTypes] ([Id], [orderBookId], [orderType]) VALUES (111, 8, N'Authority')
INSERT [dbo].[tbl_OrderBookTypes] ([Id], [orderBookId], [orderType]) VALUES (112, 8, N'Cancelation')
INSERT [dbo].[tbl_OrderBookTypes] ([Id], [orderBookId], [orderType]) VALUES (113, 8, N'Inheritance')
INSERT [dbo].[tbl_OrderBookTypes] ([Id], [orderBookId], [orderType]) VALUES (114, 8, N'Pawning')
INSERT [dbo].[tbl_OrderBookTypes] ([Id], [orderBookId], [orderType]) VALUES (115, 8, N'Statement')
INSERT [dbo].[tbl_OrderBookTypes] ([Id], [orderBookId], [orderType]) VALUES (116, 8, N'NameChanges')
INSERT [dbo].[tbl_OrderBookTypes] ([Id], [orderBookId], [orderType]) VALUES (117, 8, N'NVCertification')
INSERT [dbo].[tbl_OrderBookTypes] ([Id], [orderBookId], [orderType]) VALUES (118, 8, N'FullAge')
INSERT [dbo].[tbl_OrderBookTypes] ([Id], [orderBookId], [orderType]) VALUES (119, 8, N'EService')
INSERT [dbo].[tbl_OrderBookTypes] ([Id], [orderBookId], [orderType]) VALUES (120, 8, N'Taxinformation')
INSERT [dbo].[tbl_OrderBookTypes] ([Id], [orderBookId], [orderType]) VALUES (121, 8, N'CRMChangement')
INSERT [dbo].[tbl_OrderBookTypes] ([Id], [orderBookId], [orderType]) VALUES (122, 8, N'FeesContamination')
INSERT [dbo].[tbl_OrderBookTypes] ([Id], [orderBookId], [orderType]) VALUES (123, 8, N'OthersSD')
INSERT [dbo].[tbl_OrderBookTypes] ([Id], [orderBookId], [orderType]) VALUES (124, 8, N'Ordering')
INSERT [dbo].[tbl_OrderBookTypes] ([Id], [orderBookId], [orderType]) VALUES (125, 8, N'CorrespondenceSD')
INSERT [dbo].[tbl_OrderBookTypes] ([Id], [orderBookId], [orderType]) VALUES (126, 8, N'Correspondence')
INSERT [dbo].[tbl_OrderBookTypes] ([Id], [orderBookId], [orderType]) VALUES (127, 9, N'Default')
INSERT [dbo].[tbl_OrderBookTypes] ([Id], [orderBookId], [orderType]) VALUES (128, 9, N'Order')
INSERT [dbo].[tbl_OrderBookTypes] ([Id], [orderBookId], [orderType]) VALUES (129, 9, N'Accountopening')
INSERT [dbo].[tbl_OrderBookTypes] ([Id], [orderBookId], [orderType]) VALUES (130, 9, N'CircumlocutionSD')
INSERT [dbo].[tbl_OrderBookTypes] ([Id], [orderBookId], [orderType]) VALUES (131, 10, N'Default')
INSERT [dbo].[tbl_OrderBookTypes] ([Id], [orderBookId], [orderType]) VALUES (132, 10, N'Order')
INSERT [dbo].[tbl_OrderBookTypes] ([Id], [orderBookId], [orderType]) VALUES (133, 10, N'Payment')
INSERT [dbo].[tbl_OrderBookTypes] ([Id], [orderBookId], [orderType]) VALUES (134, 10, N'LSV')
INSERT [dbo].[tbl_OrderBookTypes] ([Id], [orderBookId], [orderType]) VALUES (135, 10, N'CatchmentRelevance')
INSERT [dbo].[tbl_OrderBookTypes] ([Id], [orderBookId], [orderType]) VALUES (136, 10, N'ReturnDebitNote')
INSERT [dbo].[tbl_OrderBookTypes] ([Id], [orderBookId], [orderType]) VALUES (137, 10, N'OthersMT')
INSERT [dbo].[tbl_OrderBookTypes] ([Id], [orderBookId], [orderType]) VALUES (138, 11, N'Default')
INSERT [dbo].[tbl_OrderBookTypes] ([Id], [orderBookId], [orderType]) VALUES (139, 11, N'Order')
INSERT [dbo].[tbl_OrderBookTypes] ([Id], [orderBookId], [orderType]) VALUES (140, 11, N'DirectClientOrder')
INSERT [dbo].[tbl_OrderBookTypes] ([Id], [orderBookId], [orderType]) VALUES (141, 11, N'PensionOrder')
INSERT [dbo].[tbl_OrderBookTypes] ([Id], [orderBookId], [orderType]) VALUES (142, 11, N'LeCo')
INSERT [dbo].[tbl_OrderBookTypes] ([Id], [orderBookId], [orderType]) VALUES (143, 11, N'NoOrder')
INSERT [dbo].[tbl_OrderBookTypes] ([Id], [orderBookId], [orderType]) VALUES (144, 12, N'Default')
INSERT [dbo].[tbl_OrderBookTypes] ([Id], [orderBookId], [orderType]) VALUES (145, 12, N'Order')
INSERT [dbo].[tbl_OrderBookTypes] ([Id], [orderBookId], [orderType]) VALUES (146, 12, N'SpecialTasks')
INSERT [dbo].[tbl_OrderBookTypes] ([Id], [orderBookId], [orderType]) VALUES (147, 13, N'Default')
INSERT [dbo].[tbl_OrderBookTypes] ([Id], [orderBookId], [orderType]) VALUES (148, 13, N'Order')
INSERT [dbo].[tbl_OrderBookTypes] ([Id], [orderBookId], [orderType]) VALUES (149, 13, N'PensionOrder')
INSERT [dbo].[tbl_OrderBookTypes] ([Id], [orderBookId], [orderType]) VALUES (150, 13, N'PEPledge')
INSERT [dbo].[tbl_OrderBookTypes] ([Id], [orderBookId], [orderType]) VALUES (151, 13, N'PEPassportCopy')
INSERT [dbo].[tbl_OrderBookTypes] ([Id], [orderBookId], [orderType]) VALUES (152, 13, N'PEOrder')
INSERT [dbo].[tbl_OrderBookTypes] ([Id], [orderBookId], [orderType]) VALUES (153, 13, N'PEOpening')
INSERT [dbo].[tbl_OrderBookTypes] ([Id], [orderBookId], [orderType]) VALUES (154, 13, N'PENetting')
INSERT [dbo].[tbl_OrderBookTypes] ([Id], [orderBookId], [orderType]) VALUES (155, 13, N'PEMarriageCertificate')
INSERT [dbo].[tbl_OrderBookTypes] ([Id], [orderBookId], [orderType]) VALUES (156, 13, N'PEInvestmentProfile')
INSERT [dbo].[tbl_OrderBookTypes] ([Id], [orderBookId], [orderType]) VALUES (157, 13, N'PEDeathCertificate')
INSERT [dbo].[tbl_OrderBookTypes] ([Id], [orderBookId], [orderType]) VALUES (158, 13, N'PECorrespondence')
INSERT [dbo].[tbl_OrderBookTypes] ([Id], [orderBookId], [orderType]) VALUES (159, 13, N'PEAuthorization')
INSERT [dbo].[tbl_OrderBookTypes] ([Id], [orderBookId], [orderType]) VALUES (160, 13, N'PEAdressmutation')
SET IDENTITY_INSERT [dbo].[tbl_OrderBookTypes] OFF
/****** Object:  Table [dbo].[tbl_OrderBooks]    Script Date: 10/22/2014 17:58:28 ******/
SET IDENTITY_INSERT [dbo].[tbl_OrderBooks] ON
INSERT [dbo].[tbl_OrderBooks] ([orderBookId], [analysable], [filterable], [indefiniteType], [name], [officialTeam], [orderTypes], [requiresOrderQuantityType], [shortname], [sortSequence], [parentOrderBook_orderBookId]) VALUES (2, NULL, NULL, NULL, NULL, NULL, N'[Default]', 0, NULL, 100, NULL)
INSERT [dbo].[tbl_OrderBooks] ([orderBookId], [analysable], [filterable], [indefiniteType], [name], [officialTeam], [orderTypes], [requiresOrderQuantityType], [shortname], [sortSequence], [parentOrderBook_orderBookId]) VALUES (3, 1, 1, 1, N'Transaction', 1, N'[SaleTRX, InvestTRX, RemainingTRX, CorrespondenceTRX]', 1, N'TRX', 200, 2)
INSERT [dbo].[tbl_OrderBooks] ([orderBookId], [analysable], [filterable], [indefiniteType], [name], [officialTeam], [orderTypes], [requiresOrderQuantityType], [shortname], [sortSequence], [parentOrderBook_orderBookId]) VALUES (4, 0, 1, 1, N'Verkauf', 0, N'[Default, Order, Selloff, Disinvestment]', 0, N'TRX-V', 210, 3)
INSERT [dbo].[tbl_OrderBooks] ([orderBookId], [analysable], [filterable], [indefiniteType], [name], [officialTeam], [orderTypes], [requiresOrderQuantityType], [shortname], [sortSequence], [parentOrderBook_orderBookId]) VALUES (5, 0, 1, 1, N'Invest', 0, N'[Default, Order, Investment, Transfer, Switch, Strategychanges]', 0, N'TRX-I', 220, 3)
INSERT [dbo].[tbl_OrderBooks] ([orderBookId], [analysable], [filterable], [indefiniteType], [name], [officialTeam], [orderTypes], [requiresOrderQuantityType], [shortname], [sortSequence], [parentOrderBook_orderBookId]) VALUES (6, 0, 1, 1, N'Sonstige TRX', 0, N'[Default, Order, IndivREBA, SumReduction, CircumlocutionTRX, Reversal, Planadministration, REBA, Unwind, OthersTRX]', 0, N'TRX-S', 240, 3)
INSERT [dbo].[tbl_OrderBooks] ([orderBookId], [analysable], [filterable], [indefiniteType], [name], [officialTeam], [orderTypes], [requiresOrderQuantityType], [shortname], [sortSequence], [parentOrderBook_orderBookId]) VALUES (8, 1, 1, 1, N'StaticData', 1, N'[Default, Order, Accreditation, Acknowledgment, Addressmutation, Authority, Cancelation, Inheritance, Pawning, Statement, NameChanges, NVCertification, FullAge, EService,Taxinformation, CRMChangement, FeesContamination, OthersSD, Ordering, CorrespondenceSD, Correspondence]', 0, N'SD', 100, 2)
INSERT [dbo].[tbl_OrderBooks] ([orderBookId], [analysable], [filterable], [indefiniteType], [name], [officialTeam], [orderTypes], [requiresOrderQuantityType], [shortname], [sortSequence], [parentOrderBook_orderBookId]) VALUES (9, 1, 1, 1, N'AccountOpening', 1, N'[Default, Order,Accountopening, CircumlocutionSD]', 0, N'AO', 300, 2)
INSERT [dbo].[tbl_OrderBooks] ([orderBookId], [analysable], [filterable], [indefiniteType], [name], [officialTeam], [orderTypes], [requiresOrderQuantityType], [shortname], [sortSequence], [parentOrderBook_orderBookId]) VALUES (10, 1, 1, 1, N'Payment Services', 1, N'[Default, Order, Payment, LSV, CatchmentRelevance, ReturnDebitNote, OthersMT]', 0, N'PS', 400, 2)
INSERT [dbo].[tbl_OrderBooks] ([orderBookId], [analysable], [filterable], [indefiniteType], [name], [officialTeam], [orderTypes], [requiresOrderQuantityType], [shortname], [sortSequence], [parentOrderBook_orderBookId]) VALUES (11, 1, 1, 1, N'ETC', 1, N'[Default, Order, DirectClientOrder, PensionOrder, LeCo, NoOrder]', 0, N'ETC', 500, 2)
INSERT [dbo].[tbl_OrderBooks] ([orderBookId], [analysable], [filterable], [indefiniteType], [name], [officialTeam], [orderTypes], [requiresOrderQuantityType], [shortname], [sortSequence], [parentOrderBook_orderBookId]) VALUES (12, 1, 1, 1, N'Special Tasks', 0, N'[Default, Order, SpecialTasks]', 0, N'ST', 510, 11)
INSERT [dbo].[tbl_OrderBooks] ([orderBookId], [analysable], [filterable], [indefiniteType], [name], [officialTeam], [orderTypes], [requiresOrderQuantityType], [shortname], [sortSequence], [parentOrderBook_orderBookId]) VALUES (13, 1, 1, 1, N'Pension', 1, N'[Default, Order, PensionOrder, PEPledge, PEPassportCopy, PEOrder, PEOpening, PENetting, PEMarriageCertificate, PEInvestmentProfile, PEDeathCertificate, PECorrespondence, PEAuthorization, PEAdressmutation]', 0, N'PE', 450, 2)
SET IDENTITY_INSERT [dbo].[tbl_OrderBooks] OFF
/****** Object:  Table [dbo].[btbl_AuthorityGroup]    Script Date: 10/22/2014 17:58:28 ******/
SET IDENTITY_INSERT [dbo].[btbl_AuthorityGroup] ON
INSERT [dbo].[btbl_AuthorityGroup] ([id], [Description], [GroupName], [GroupRole], [Users], [OrderBook_orderBookId]) VALUES (1, N'Set read authority to all OrderTypes', N'Main read', N'Read', N'ZBAUR, ZDAMU, ZDANI, ZDEHO, ZDIAP, ZFEMA, ZGRDA, ZHARE, ZHUCE, ZJAGI, ZNADE, ZROAM, ZVIJE, ZWIKA', 2)
INSERT [dbo].[btbl_AuthorityGroup] ([id], [Description], [GroupName], [GroupRole], [Users], [OrderBook_orderBookId]) VALUES (2, N'Set write authority to all OrderTypes (kann gel�scht werden)', N'Main write', N'Write', N'ZBAUR, ZFEMA', 2)
INSERT [dbo].[btbl_AuthorityGroup] ([id], [Description], [GroupName], [GroupRole], [Users], [OrderBook_orderBookId]) VALUES (3, N'dispatching authority to all OrderTypes (reduzierte Ber.)', N'Main dispatching', N'Dispatch', N'ZDAMU, ZFEMA, ZGRDA, ZHARE, ZJAGI, ZWIKA', 2)
INSERT [dbo].[btbl_AuthorityGroup] ([id], [Description], [GroupName], [GroupRole], [Users], [OrderBook_orderBookId]) VALUES (4, N'Set write authority to all SD OrderTypes', N'SD write', N'Write', N'ZDEHO, ZDIAP, ZFEMA, ZHARE, ZJAGI, ZROAM', 8)
INSERT [dbo].[btbl_AuthorityGroup] ([id], [Description], [GroupName], [GroupRole], [Users], [OrderBook_orderBookId]) VALUES (5, N'Set dispatching authority to all SD OrderTypes', N'SD disp', N'TeamDisp', N'ZDAMU, ZDIAP, ZFEMA, ZGRDA, ZHARE, ZJAGI, ZROAM', 8)
INSERT [dbo].[btbl_AuthorityGroup] ([id], [Description], [GroupName], [GroupRole], [Users], [OrderBook_orderBookId]) VALUES (6, N'Set write authority to all TRX OrderTypes', N'TRX write', N'Write', N'ZDAMU, ZDEHO, ZDIAP, ZFEMA, ZGRDA, ZHARE, ZHUCE, ZROAM', 3)
INSERT [dbo].[btbl_AuthorityGroup] ([id], [Description], [GroupName], [GroupRole], [Users], [OrderBook_orderBookId]) VALUES (7, N'Set dispatching authority to all TRX OrderTypes', N'TRX disp', N'TeamDisp', N'ZDAMU, ZDIAP, ZFEMA, ZGRDA, ZHARE, ZHUCE, ZROAM', 3)
INSERT [dbo].[btbl_AuthorityGroup] ([id], [Description], [GroupName], [GroupRole], [Users], [OrderBook_orderBookId]) VALUES (8, N'Set write authority to all AO OrderTypes', N'AO write', N'Write', N'ZDIAP, ZFEMA, ZHARE, ZROAM, ZWIKA', 9)
INSERT [dbo].[btbl_AuthorityGroup] ([id], [Description], [GroupName], [GroupRole], [Users], [OrderBook_orderBookId]) VALUES (9, N'Set dispatching authority to all AO OrderTypes', N'AO disp', N'TeamDisp', N'ZDIAP, ZFEMA, ZGRDA, ZHARE, ZROAM, ZWIKA', 9)
INSERT [dbo].[btbl_AuthorityGroup] ([id], [Description], [GroupName], [GroupRole], [Users], [OrderBook_orderBookId]) VALUES (10, N'Set write authority to all SL OrderTypes', N'MT write', N'Write', N'ZDANI, ZDEHO, ZDIAP, ZFEMA, ZHARE, ZJAGI, ZNADE, ZROAM, ZVIJE', 10)
INSERT [dbo].[btbl_AuthorityGroup] ([id], [Description], [GroupName], [GroupRole], [Users], [OrderBook_orderBookId]) VALUES (11, N'Set dispatching authority to all SL OrderTypes', N'MT disp', N'TeamDisp', N'ZDANI, ZDIAP, ZFEMA, ZHARE, ZJAGI, ZNADE, ZROAM, ZVIJE', 10)
INSERT [dbo].[btbl_AuthorityGroup] ([id], [Description], [GroupName], [GroupRole], [Users], [OrderBook_orderBookId]) VALUES (13, N'ETC write', N'ETC write', N'Write', N'ZFEMA, ZHARE', 11)
INSERT [dbo].[btbl_AuthorityGroup] ([id], [Description], [GroupName], [GroupRole], [Users], [OrderBook_orderBookId]) VALUES (14, N'ETC read (kann gel�scht werden)', N'ETC read', N'Read', N'ZHARE', 11)
INSERT [dbo].[btbl_AuthorityGroup] ([id], [Description], [GroupName], [GroupRole], [Users], [OrderBook_orderBookId]) VALUES (15, N'Set write authority to all PE OrderTypes', N'PE write', N'Write', N'ZDANI, ZFEMA, ZNADE, ZVIJE', 13)
INSERT [dbo].[btbl_AuthorityGroup] ([id], [Description], [GroupName], [GroupRole], [Users], [OrderBook_orderBookId]) VALUES (16, N'Set dispatching authority to all PE OrderTypes', N'PE disp', N'Dispatch', N'ZDANI, ZFEMA, ZNADE, ZVIJE', 13)
SET IDENTITY_INSERT [dbo].[btbl_AuthorityGroup] OFF
